{
    "leasing": {
        "hargaMobil": 228400000,
        "dp": 135711000,
        "cicilan": 9517000
    },
    "interst": {
        "intertsNpv": [
            10,
            15,
            20,
            25,
            30
        ],
        "npv": [
            6947289.987588152,
            4553834.630533591,
            2243379.558591202,
            12446.782671675086,
            -2142275.677023977
        ],
        "workSheet": [
            {
                "interst": 0.008333333333333333,
                "sigmaPv": 9.963628998758815E7,
                "bulan": [
                    1,
                    2,
                    3,
                    4,
                    5,
                    6,
                    7,
                    8,
                    9,
                    10,
                    11
                ],
                "pvNumber": [
                    "PV1",
                    "PV2",
                    "PV3",
                    "PV4",
                    "PV5",
                    "PV6",
                    "PV7",
                    "PV8",
                    "PV9",
                    "PV10",
                    "PV11"
                ],
                "pv": [
                    9438347.107438017,
                    9360344.238781504,
                    9282986.021932071,
                    9206267.129188832,
                    9130182.276881484,
                    9054726.225006433,
                    8979893.776865883,
                    8905679.778709967,
                    8832079.119381785,
                    8759086.729965407,
                    8686697.583436769
                ]
            },
            {
                "interst": 0.012499999999999999,
                "sigmaPv": 9.724283463053359E7,
                "bulan": [
                    1,
                    2,
                    3,
                    4,
                    5,
                    6,
                    7,
                    8,
                    9,
                    10,
                    11
                ],
                "pvNumber": [
                    "PV1",
                    "PV2",
                    "PV3",
                    "PV4",
                    "PV5",
                    "PV6",
                    "PV7",
                    "PV8",
                    "PV9",
                    "PV10",
                    "PV11"
                ],
                "pv": [
                    9399506.172839507,
                    9283462.886755068,
                    9168852.233832167,
                    9055656.527241647,
                    8943858.298510268,
                    8833440.294824958,
                    8724385.476370329,
                    8616677.01369909,
                    8510298.285134904,
                    8405232.874207314,
                    8301464.567118335
                ]
            },
            {
                "interst": 0.016666666666666666,
                "sigmaPv": 9.49323795585912E7,
                "bulan": [
                    1,
                    2,
                    3,
                    4,
                    5,
                    6,
                    7,
                    8,
                    9,
                    10,
                    11
                ],
                "pvNumber": [
                    "PV1",
                    "PV2",
                    "PV3",
                    "PV4",
                    "PV5",
                    "PV6",
                    "PV7",
                    "PV8",
                    "PV9",
                    "PV10",
                    "PV11"
                ],
                "pv": [
                    9360983.606557377,
                    9207524.858908895,
                    9056581.828434981,
                    8908113.273870474,
                    8762078.630036531,
                    8618437.996757245,
                    8477152.127957946,
                    8338182.420942243,
                    8201490.905844829,
                    8067040.235257209,
                    7934793.674023485
                ]
            },
            {
                "interst": 0.020833333333333332,
                "sigmaPv": 9.270144678267168E7,
                "bulan": [
                    1,
                    2,
                    3,
                    4,
                    5,
                    6,
                    7,
                    8,
                    9,
                    10,
                    11
                ],
                "pvNumber": [
                    "PV1",
                    "PV2",
                    "PV3",
                    "PV4",
                    "PV5",
                    "PV6",
                    "PV7",
                    "PV8",
                    "PV9",
                    "PV10",
                    "PV11"
                ],
                "pv": [
                    9322775.510204082,
                    9132514.785506042,
                    8946136.932740612,
                    8763562.709623456,
                    8584714.491059713,
                    8409516.236140128,
                    8237893.455810738,
                    8069773.181202358,
                    7905083.93260639,
                    7743755.689083812,
                    7585719.858694347
                ]
            },
            {
                "interst": 0.024999999999999998,
                "sigmaPv": 9.054672432297602E7,
                "bulan": [
                    1,
                    2,
                    3,
                    4,
                    5,
                    6,
                    7,
                    8,
                    9,
                    10,
                    11
                ],
                "pvNumber": [
                    "PV1",
                    "PV2",
                    "PV3",
                    "PV4",
                    "PV5",
                    "PV6",
                    "PV7",
                    "PV8",
                    "PV9",
                    "PV10",
                    "PV11"
                ],
                "pv": [
                    9284878.048780488,
                    9058417.60856633,
                    8837480.59372325,
                    8621932.28655927,
                    8411641.255179776,
                    8206479.273346124,
                    8006321.2422889015,
                    7811045.114428198,
                    7620531.818954339,
                    7434665.189223747,
                    7253331.891925607
                ]
            }
        ],
        "irrPercentage": 0,
        "irr": 0
    }
}